<xml xmlns="https://developers.google.com/blockly/xml" is_dbot="true" collection="false">
  <variables>
    <variable id="_y{yZ1EsKxSe[:sXL4FW">Stake</variable>
    <variable id="urX,-}NaJWYq+}NaMhpb">InitialStake</variable>
    <variable id="lu2!9`W5CW5:5yB~du+^">Prediction</variable>
    <variable id="jar%dvQi6z{M)|6kDeI2">LastNumber</variable>
    <variable id="tuRkArEBkzg$0pqN[J1@">LastDigit</variable>
    <variable id="*NbzR|`0^z75.zXk()Ja">Martingale</variable>
  </variables>
  <block type="trade_definition" id="|5]4RYx!lxtpB~F7us=i" deletable="false" x="0" y="60">
    <statement name="TRADE_OPTIONS">
      <block type="trade_definition_market" id="*Fdf}SkyX).WAU(u+1Rd" deletable="false" movable="false">
        <field name="MARKET_LIST">synthetic_index</field>
        <field name="SUBMARKET_LIST">random_index</field>
        <field name="SYMBOL_LIST">1HZ50V</field>
        <next>
          <block type="trade_definition_tradetype" id="F6Gci?YRkSG+claoF]B]" deletable="false" movable="false">
            <field name="TRADETYPECAT_LIST">digits</field>
            <field name="TRADETYPE_LIST">overunder</field>
            <next>
              <block type="trade_definition_contracttype" id="Eyc(w.!vvk.-t1I)@;sH" deletable="false" movable="false">
                <field name="TYPE_LIST">both</field>
                <next>
                  <block type="trade_definition_candleinterval" id="oL-XHO:_|j38yx!XDQtj" deletable="false" movable="false">
                    <field name="CANDLEINTERVAL_LIST">60</field>
                    <next>
                      <block type="trade_definition_restartbuysell" id="I#(l,i:_4--1!OiymA9?" deletable="false" movable="false">
                        <field name="TIME_MACHINE_ENABLED">FALSE</field>
                        <next>
                          <block type="trade_definition_restartonerror" id="=zo}(EuK5W_=aVag`Y1X" deletable="false" movable="false">
                            <field name="RESTARTONERROR">TRUE</field>
                          </block>
                        </next>
                      </block>
                    </next>
                  </block>
                </next>
              </block>
            </next>
          </block>
        </next>
      </block>
    </statement>
    <statement name="INITIALIZATION">
      <block type="variables_set" id="3SAt0EZqXQoPw`J^B65i">
        <field name="VAR" id="_y{yZ1EsKxSe[:sXL4FW">Stake</field>
        <value name="VALUE">
          <block type="math_number" id="H1Lp]5[IE[ZDgT0x^o?A">
            <field name="NUM">1.5</field>
          </block>
        </value>
        <next>
          <block type="variables_set" id="@1~_6nd@f{o$;_)w[53}">
            <field name="VAR" id="urX,-}NaJWYq+}NaMhpb">InitialStake</field>
            <value name="VALUE">
              <block type="variables_get" id="/`i!??0L9dbX#,m2th4%">
                <field name="VAR" id="_y{yZ1EsKxSe[:sXL4FW">Stake</field>
              </block>
            </value>
            <next>
              <block type="variables_set" id="d(Jh[(S:P)OJOSws%~01">
                <field name="VAR" id="lu2!9`W5CW5:5yB~du+^">Prediction</field>
                <value name="VALUE">
                  <block type="math_number" id="!8%#L7fJoM3zvC.3Q^D`">
                    <field name="NUM">1</field>
                  </block>
                </value>
                <next>
                  <block type="variables_set" id="{C+xv9b_,]o#u1x?/w}s">
                    <field name="VAR" id="tuRkArEBkzg$0pqN[J1@">LastDigit</field>
                    <value name="VALUE">
                      <block type="math_number" id="EcUB3W5n7Ta1eVx`;6;N">
                        <field name="NUM">9</field>
                      </block>
                    </value>
                    <next>
                      <block type="variables_set" id="WA6Il%SX{eC3379E[GRW">
                        <field name="VAR" id="*NbzR|`0^z75.zXk()Ja">Martingale</field>
                        <value name="VALUE">
                          <block type="math_number" id="fc=g?kEKauO`SBBDy4Cd">
                            <field name="NUM">2</field>
                          </block>
                        </value>
                      </block>
                    </next>
                  </block>
                </next>
              </block>
            </next>
          </block>
        </next>
      </block>
    </statement>
    <statement name="SUBMARKET">
      <block type="trade_definition_tradeoptions" id="pR![F%{,5^O-6qFA}Qm^" collapsed="true">
        <mutation xmlns="http://www.w3.org/1999/xhtml" has_first_barrier="false" has_second_barrier="false" has_prediction="true"></mutation>
        <field name="DURATIONTYPE_LIST">t</field>
        <value name="DURATION">
          <shadow type="math_number" id="N[ZL3?mbBeJxW`G!fZ:6">
            <field name="NUM">1</field>
          </shadow>
        </value>
        <value name="AMOUNT">
          <shadow type="math_number" id="_6aV0g^Xj-7v;g]S[cQy">
            <field name="NUM">1</field>
          </shadow>
          <block type="variables_get" id="u-C5VSz(-gbV_N@5xLf6">
            <field name="VAR" id="_y{yZ1EsKxSe[:sXL4FW">Stake</field>
          </block>
        </value>
        <value name="PREDICTION">
          <shadow type="math_number_positive" id="Eb?qIK`=*kk@{V4KfV_9" inline="true">
            <field name="NUM">0</field>
          </shadow>
          <block type="variables_get" id="rfx4aw#Y0ZWraM~Tl!E;">
            <field name="VAR" id="lu2!9`W5CW5:5yB~du+^">Prediction</field>
          </block>
        </value>
      </block>
    </statement>
  </block>
  <block type="after_purchase" id="6]6O$7V@:^ZsV*yjn+5D" x="893" y="60">
    <statement name="AFTERPURCHASE_STACK">
      <block type="controls_if" id="42VijM4!0at%aH/+9EOy">
        <mutation xmlns="http://www.w3.org/1999/xhtml" else="1"></mutation>
        <value name="IF0">
          <block type="contract_check_result" id="L}e5NRb0j|vVG9Es0y]K">
            <field name="CHECK_RESULT">win</field>
          </block>
        </value>
        <statement name="DO0">
          <block type="variables_set" id="zb}i~2C;2!Mom(XKvX]4">
            <field name="VAR" id="_y{yZ1EsKxSe[:sXL4FW">Stake</field>
            <value name="VALUE">
              <block type="variables_get" id="A~ZwFg-5.LfQRnX#D@(b">
                <field name="VAR" id="urX,-}NaJWYq+}NaMhpb">InitialStake</field>
              </block>
            </value>
          </block>
        </statement>
        <statement name="ELSE">
          <block type="variables_set" id="[p{U68q89+0%p{RYe-yM">
            <field name="VAR" id="_y{yZ1EsKxSe[:sXL4FW">Stake</field>
            <value name="VALUE">
              <block type="math_arithmetic" id="=_u@(gf@*8=LdbDS[/i8">
                <field name="OP">MULTIPLY</field>
                <value name="A">
                  <shadow type="math_number" id="J7|.#-aD{3-h|RA053Jr">
                    <field name="NUM">1</field>
                  </shadow>
                  <block type="variables_get" id="nehfcSdLJ7.$j@zi{-r4">
                    <field name="VAR" id="_y{yZ1EsKxSe[:sXL4FW">Stake</field>
                  </block>
                </value>
                <value name="B">
                  <shadow type="math_number" id="lovYS_L~CT7xoM#k(JU^">
                    <field name="NUM">11</field>
                  </shadow>
                  <block type="variables_get" id="/+tETptCEZp-Sd$zuG1j">
                    <field name="VAR" id="*NbzR|`0^z75.zXk()Ja">Martingale</field>
                  </block>
                </value>
              </block>
            </value>
          </block>
        </statement>
        <next>
          <block type="trade_again" id="Ytp-O1(gJ[@[(@ZBj@8f"></block>
        </next>
      </block>
    </statement>
  </block>
  <block type="before_purchase" id="FsS(CovY/(~K4TsNo.ak" deletable="false" x="0" y="880">
    <statement name="BEFOREPURCHASE_STACK">
      <block type="controls_if" id=")kz94S@|1[#L0-#%LIjC">
        <mutation xmlns="http://www.w3.org/1999/xhtml" elseif="1"></mutation>
        <value name="IF0">
          <block type="logic_operation" id="eeK?{!icLZoBTshw+i/}" collapsed="true">
            <field name="OP">AND</field>
            <value name="A">
              <block type="check_direction" id=";tm%Ue%YG6Pjc9W-l5ab">
                <field name="CHECK_DIRECTION">rise</field>
              </block>
            </value>
            <value name="B">
              <block type="logic_compare" id="0#YbSr6-ujJz!KD)}.sg">
                <field name="OP">EQ</field>
                <value name="A">
                  <block type="last_digit" id="XdqFA3Z=?QpN:_C*K08*"></block>
                </value>
                <value name="B">
                  <block type="variables_get" id="JEkvk}FS=Fdsk9l*EeC!">
                    <field name="VAR" id="tuRkArEBkzg$0pqN[J1@">LastDigit</field>
                  </block>
                </value>
              </block>
            </value>
          </block>
        </value>
        <statement name="DO0">
          <block type="purchase" id="~1`Ir,^KJHG(9w;!6)Gd">
            <field name="PURCHASE_LIST">DIGITOVER</field>
          </block>
        </statement>
        <value name="IF1">
          <block type="logic_operation" id="*|tB{?[]11#p:P`M*[x*" collapsed="true">
            <field name="OP">AND</field>
            <value name="A">
              <block type="check_direction" id="xSfc.0`MR6f22K@hVhgT">
                <field name="CHECK_DIRECTION">fall</field>
              </block>
            </value>
            <value name="B">
              <block type="logic_compare" id="U%y#PZ:p(mM|Pu-}YtQ*">
                <field name="OP">EQ</field>
                <value name="A">
                  <block type="last_digit" id="HXfp#irrr(7m9A[1thi}"></block>
                </value>
                <value name="B">
                  <block type="variables_get" id="pLYZhTw9s]w_J#WlW!VT">
                    <field name="VAR" id="tuRkArEBkzg$0pqN[J1@">LastDigit</field>
                  </block>
                </value>
              </block>
            </value>
          </block>
        </value>
        <statement name="DO1">
          <block type="purchase" id="T(-O8/lrBj3CAbOmz5DF">
            <field name="PURCHASE_LIST">DIGITOVER</field>
          </block>
        </statement>
      </block>
    </statement>
  </block>
  <block type="tick_analysis" id=".,JqU-#aTz@WgJ:*|zuW" collapsed="true" x="0" y="1324">
    <statement name="TICKANALYSIS_STACK">
      <block type="controls_if" id=",~QoZ83j6pTFB#W2c#=_">
        <mutation xmlns="http://www.w3.org/1999/xhtml" elseif="1"></mutation>
        <value name="IF0">
          <block type="check_direction" id="0m],$(kQ%uCk6JY(lr7c">
            <field name="CHECK_DIRECTION">rise</field>
          </block>
        </value>
        <statement name="DO0">
          <block type="text_join" id="@:oKdC_KwwtSz|L8H!Un">
            <field name="VARIABLE" id="jar%dvQi6z{M)|6kDeI2">LastNumber</field>
            <statement name="STACK">
              <block type="text_statement" id="^/$rBZs+u=iSWu$#NSzc">
                <value name="TEXT">
                  <shadow type="text" id="|L^be=Y.Lpyg|H.8juyV">
                    <field name="TEXT"></field>
                  </shadow>
                  <block type="text" id="3SX^^O21!8fW25UYGME!">
                    <field name="TEXT">Last digit is: </field>
                  </block>
                </value>
                <next>
                  <block type="text_statement" id="S:Y@/[tLRNBm=?XyAWl2">
                    <value name="TEXT">
                      <shadow type="text" id="(2=,@fg#*TWVbuA_#eE4">
                        <field name="TEXT"></field>
                      </shadow>
                      <block type="last_digit" id=",J1Cq*PL}oLwFZSm4+fC"></block>
                    </value>
                  </block>
                </next>
              </block>
            </statement>
            <next>
              <block type="notify" id="hdq7AGdcBA-%{R23U{Ct">
                <field name="NOTIFICATION_TYPE">success</field>
                <field name="NOTIFICATION_SOUND">silent</field>
                <value name="MESSAGE">
                  <shadow type="text" id="MwT_E=F2;t=9Z4(H2Gy(">
                    <field name="TEXT">abc</field>
                  </shadow>
                  <block type="variables_get" id="k$$6f##}gJS]1F=_a$a5">
                    <field name="VAR" id="jar%dvQi6z{M)|6kDeI2">LastNumber</field>
                  </block>
                </value>
              </block>
            </next>
          </block>
        </statement>
        <value name="IF1">
          <block type="check_direction" id="_.g-8+y85JwlflK:Qt.5">
            <field name="CHECK_DIRECTION">fall</field>
          </block>
        </value>
        <statement name="DO1">
          <block type="text_join" id="GT;IET%Q_E8:s}|=X}0%">
            <field name="VARIABLE" id="jar%dvQi6z{M)|6kDeI2">LastNumber</field>
            <statement name="STACK">
              <block type="text_statement" id="*_qN1TkvG=P_+T#=H6pB">
                <value name="TEXT">
                  <shadow type="text" id="uD;s/|zg=CTU63?aN%1d">
                    <field name="TEXT"></field>
                  </shadow>
                  <block type="text" id="kQu.-]cFHT#YDQU8b?-B">
                    <field name="TEXT">Last digit is: </field>
                  </block>
                </value>
                <next>
                  <block type="text_statement" id="KBEF[KCfUYK{r.6fF5%O">
                    <value name="TEXT">
                      <shadow type="text" id="r4y(C#36AyTHLw^6|Vi8">
                        <field name="TEXT"></field>
                      </shadow>
                      <block type="last_digit" id="`Uk,V$eIQthiV=zDG.qf"></block>
                    </value>
                  </block>
                </next>
              </block>
            </statement>
            <next>
              <block type="notify" id="ov%VW!lzjd8xJYQsnAbf">
                <field name="NOTIFICATION_TYPE">error</field>
                <field name="NOTIFICATION_SOUND">silent</field>
                <value name="MESSAGE">
                  <shadow type="text" id="_@7PCnnm6tpjlp:q}g@0">
                    <field name="TEXT">abc</field>
                  </shadow>
                  <block type="variables_get" id="3U5JpqX:^$PS?0mxO{_F">
                    <field name="VAR" id="jar%dvQi6z{M)|6kDeI2">LastNumber</field>
                  </block>
                </value>
              </block>
            </next>
          </block>
        </statement>
      </block>
    </statement>
  </block>
</xml>